Workbook

Sheet ISPs
A1: ORG STACK BY ISP
A2: Yellow = edit. The last row of every ladder column is this number.
A4: ISP | B4: Org stack
A5: Sonic | B5: 375
A6: Brightspeed | B6: 375
A7: Fidium | B7: 375
A8: GoNetspeed CT | B8: 375
A9: Lightcurve | B9: 325
A10: Surf | B10: 325
A11: Xfinity | B11: 325
A12: Ripple | B12: 325
A13: 123NET | B13: 325
A14: Astound | B14: 325
A15: ALLO | B15: 325
A16: GoNetspeed other | B16: 300
A17: NKTelco | B17: 300

Sheet EC1 Rookie
A1: EC1 ROOKIE - PAY PER INSTALL BY ISP
A2: First sales job, no experience. Personal installs move you up to $250. From there you climb by building.
A3: Your tier is set at the start of each blitz from your total paid installs with Summit. You are paid that number on every install that blitz. Installs never reset. This is the floor: a leader can place a rep higher and eat the difference.
A5: Tier | B5: Pay | C5: How you get there | D5: Sonic | E5: Brightspeed | F5: Fidium | G5: GoNetspeed CT | H5: Lightcurve | I5: Surf | J5: Xfinity | K5: Ripple | L5: 123NET | M5: Astound | N5: ALLO | O5: GoNetspeed other | P5: NKTelco
C6: Org stack (top of this column) | D6: =ISPs!$B$5 -> 375 | E6: =ISPs!$B$6 -> 375 | F6: =ISPs!$B$7 -> 375 | G6: =ISPs!$B$8 -> 375 | H6: =ISPs!$B$9 -> 325 | I6: =ISPs!$B$10 -> 325 | J6: =ISPs!$B$11 -> 325 | K6: =ISPs!$B$12 -> 325 | L6: =ISPs!$B$13 -> 325 | M6: =ISPs!$B$14 -> 325 | N6: =ISPs!$B$15 -> 325 | O6: =ISPs!$B$16 -> 300 | P6: =ISPs!$B$17 -> 300
A7: Tier 1 | B7: 100 | C7: Start | D7: =IF($B7<=D$6-25,$B7,"") -> 100 | E7: =IF($B7<=E$6-25,$B7,"") -> 100 | F7: =IF($B7<=F$6-25,$B7,"") -> 100 | G7: =IF($B7<=G$6-25,$B7,"") -> 100 | H7: =IF($B7<=H$6-25,$B7,"") -> 100 | I7: =IF($B7<=I$6-25,$B7,"") -> 100 | J7: =IF($B7<=J$6-25,$B7,"") -> 100 | K7: =IF($B7<=K$6-25,$B7,"") -> 100 | ... P7: =IF($B7<=P$6-25,$B7,"") -> 100
A8: Tier 2 | B8: 150 | C8: 50 installs | D8: =IF($B8<=D$6-25,$B8,"") -> 150 | E8: =IF($B8<=E$6-25,$B8,"") -> 150 | F8: =IF($B8<=F$6-25,$B8,"") -> 150 | G8: =IF($B8<=G$6-25,$B8,"") -> 150 | H8: =IF($B8<=H$6-25,$B8,"") -> 150 | I8: =IF($B8<=I$6-25,$B8,"") -> 150 | J8: =IF($B8<=J$6-25,$B8,"") -> 150 | K8: =IF($B8<=K$6-25,$B8,"") -> 150 | ... P8: =IF($B8<=P$6-25,$B8,"") -> 150
A9: Tier 3 | B9: 200 | C9: 100 installs | D9: =IF($B9<=D$6-25,$B9,"") -> 200 | E9: =IF($B9<=E$6-25,$B9,"") -> 200 | F9: =IF($B9<=F$6-25,$B9,"") -> 200 | G9: =IF($B9<=G$6-25,$B9,"") -> 200 | H9: =IF($B9<=H$6-25,$B9,"") -> 200 | I9: =IF($B9<=I$6-25,$B9,"") -> 200 | J9: =IF($B9<=J$6-25,$B9,"") -> 200 | K9: =IF($B9<=K$6-25,$B9,"") -> 200 | ... P9: =IF($B9<=P$6-25,$B9,"") -> 200
A10: Tier 4 | B10: 250 | C10: 150 installs | D10: =IF($B10<=D$6-25,$B10,"") -> 250 | E10: =IF($B10<=E$6-25,$B10,"") -> 250 | F10: =IF($B10<=F$6-25,$B10,"") -> 250 | G10: =IF($B10<=G$6-25,$B10,"") -> 250 | H10: =IF($B10<=H$6-25,$B10,"") -> 250 | I10: =IF($B10<=I$6-25,$B10,"") -> 250 | J10: =IF($B10<=J$6-25,$B10,"") -> 250 | K10: =IF($B10<=K$6-25,$B10,"") -> 250 | ... P10: =IF($B10<=P$6-25,$B10,"") -> 250
A11: Tier 5 | B11: 300 | C11: Team Lead: run 4+ reps, your pod does 60+ a blitz | D11: =IF($B11<=D$6-25,$B11,"") -> 300 | E11: =IF($B11<=E$6-25,$B11,"") -> 300 | F11: =IF($B11<=F$6-25,$B11,"") -> 300 | G11: =IF($B11<=G$6-25,$B11,"") -> 300 | H11: =IF($B11<=H$6-25,$B11,"") -> 300 | I11: =IF($B11<=I$6-25,$B11,"") -> 300 | J11: =IF($B11<=J$6-25,$B11,"") -> 300 | K11: =IF($B11<=K$6-25,$B11,"") -> 300 | ... P11: =IF($B11<=P$6-25,$B11,"")
A12: Tier 6 | B12: 350 | C12: Manager: 3 team leads, your org does 300+ a blitz | D12: =IF($B12<=D$6-25,$B12,"") -> 350 | E12: =IF($B12<=E$6-25,$B12,"") -> 350 | F12: =IF($B12<=F$6-25,$B12,"") -> 350 | G12: =IF($B12<=G$6-25,$B12,"") -> 350 | H12: =IF($B12<=H$6-25,$B12,"") | I12: =IF($B12<=I$6-25,$B12,"") | J12: =IF($B12<=J$6-25,$B12,"") | K12: =IF($B12<=K$6-25,$B12,"") | ... P12: =IF($B12<=P$6-25,$B12,"")
A13: Tier 7 | B13: 375 | C13: President. Private deal. | D13: =D$6 -> 375 | E13: =E$6 -> 375 | F13: =F$6 -> 375 | G13: =G$6 -> 375 | H13: =H$6 -> 325 | I13: =I$6 -> 325 | J13: =J$6 -> 325 | K13: =K$6 -> 325 | ... P13: =P$6 -> 300
A15: Green rows are leader tiers. White rows are personal-production tiers. Leaders top out one tier under the org stack; the president keeps at least $25 on every rep. A blank cell means that ISP's org stack is too low for that tier.
A16: Leaders: your override on any rep you run is your tier pay minus his tier pay, on his installs. Nothing for reps you don't run.

Sheet EC3 Veteran
A1: EC3 VETERAN - PAY PER INSTALL BY ISP
A2: Sales experience anywhere: fiber, pest, solar, alarms, life. Starts at $200. Fiber vets with a carrier or dealer statement enter at the tier their installs earn.
A3: Your tier is set at the start of each blitz from your total paid installs with Summit. You are paid that number on every install that blitz. Installs never reset. This is the floor: a leader can place a rep higher and eat the difference.
A5: Tier | B5: Pay | C5: How you get there | D5: Sonic | E5: Brightspeed | F5: Fidium | G5: GoNetspeed CT | H5: Lightcurve | I5: Surf | J5: Xfinity | K5: Ripple | L5: 123NET | M5: Astound | N5: ALLO | O5: GoNetspeed other | P5: NKTelco
C6: Org stack (top of this column) | D6: =ISPs!$B$5 -> 375 | E6: =ISPs!$B$6 -> 375 | F6: =ISPs!$B$7 -> 375 | G6: =ISPs!$B$8 -> 375 | H6: =ISPs!$B$9 -> 325 | I6: =ISPs!$B$10 -> 325 | J6: =ISPs!$B$11 -> 325 | K6: =ISPs!$B$12 -> 325 | L6: =ISPs!$B$13 -> 325 | M6: =ISPs!$B$14 -> 325 | N6: =ISPs!$B$15 -> 325 | O6: =ISPs!$B$16 -> 300 | P6: =ISPs!$B$17 -> 300
A7: Tier 1 | B7: 200 | C7: Start. Fiber vets with a statement enter where their installs put them | D7: =IF($B7<=D$6-25,$B7,"") -> 200 | E7: =IF($B7<=E$6-25,$B7,"") -> 200 | F7: =IF($B7<=F$6-25,$B7,"") -> 200 | G7: =IF($B7<=G$6-25,$B7,"") -> 200 | H7: =IF($B7<=H$6-25,$B7,"") -> 200 | I7: =IF($B7<=I$6-25,$B7,"") -> 200 | J7: =IF($B7<=J$6-25,$B7,"") -> 200 | K7: =IF($B7<=K$6-25,$B7,"") -> 200 | ... P7: =IF($B7<=P$6-25,$B7,"") -> 200
A8: Tier 2 | B8: 250 | C8: 100 installs | D8: =IF($B8<=D$6-25,$B8,"") -> 250 | E8: =IF($B8<=E$6-25,$B8,"") -> 250 | F8: =IF($B8<=F$6-25,$B8,"") -> 250 | G8: =IF($B8<=G$6-25,$B8,"") -> 250 | H8: =IF($B8<=H$6-25,$B8,"") -> 250 | I8: =IF($B8<=I$6-25,$B8,"") -> 250 | J8: =IF($B8<=J$6-25,$B8,"") -> 250 | K8: =IF($B8<=K$6-25,$B8,"") -> 250 | ... P8: =IF($B8<=P$6-25,$B8,"") -> 250
A9: Tier 3 | B9: 300 | C9: Team Lead: run 4+ reps, your pod does 60+ a blitz | D9: =IF($B9<=D$6-25,$B9,"") -> 300 | E9: =IF($B9<=E$6-25,$B9,"") -> 300 | F9: =IF($B9<=F$6-25,$B9,"") -> 300 | G9: =IF($B9<=G$6-25,$B9,"") -> 300 | H9: =IF($B9<=H$6-25,$B9,"") -> 300 | I9: =IF($B9<=I$6-25,$B9,"") -> 300 | J9: =IF($B9<=J$6-25,$B9,"") -> 300 | K9: =IF($B9<=K$6-25,$B9,"") -> 300 | ... P9: =IF($B9<=P$6-25,$B9,"")
A10: Tier 4 | B10: 350 | C10: Manager: 3 team leads, your org does 300+ a blitz | D10: =IF($B10<=D$6-25,$B10,"") -> 350 | E10: =IF($B10<=E$6-25,$B10,"") -> 350 | F10: =IF($B10<=F$6-25,$B10,"") -> 350 | G10: =IF($B10<=G$6-25,$B10,"") -> 350 | H10: =IF($B10<=H$6-25,$B10,"") | I10: =IF($B10<=I$6-25,$B10,"") | J10: =IF($B10<=J$6-25,$B10,"") | K10: =IF($B10<=K$6-25,$B10,"") | ... P10: =IF($B10<=P$6-25,$B10,"")
A11: Tier 5 | B11: 375 | C11: President. Private deal. | D11: =D$6 -> 375 | E11: =E$6 -> 375 | F11: =F$6 -> 375 | G11: =G$6 -> 375 | H11: =H$6 -> 325 | I11: =I$6 -> 325 | J11: =J$6 -> 325 | K11: =K$6 -> 325 | ... P11: =P$6 -> 300
A13: Green rows are leader tiers. White rows are personal-production tiers. Leaders top out one tier under the org stack; the president keeps at least $25 on every rep. A blank cell means that ISP's org stack is too low for that tier.
A14: Leaders: your override on any rep you run is your tier pay minus his tier pay, on his installs. Nothing for reps you don't run.

Sheet Rules
A1: RULES
A3: Item | B3: Rule
A4: Installs | B4: Paid installs with Summit, across every ISP and every blitz. Cumulative. Never reset. Net of chargebacks.
A5: Tiers | B5: Set at the start of each blitz from total installs. Paid on every install that blitz. No mid-blitz changes, no retro. A tier is never lost.
A6: The floor | B6: This ladder is the minimum. A president or manager can start a rep higher or bump him early; the difference comes out of that leader's spread. Nobody is ever placed below it.
A7: Org stack | B7: The top of each ISP column. That row is the president. Leaders top out one tier under it, so the president keeps at least $25 on every rep.
A8: Leaders | B8: Your override on a rep you run is your tier pay minus his, on his installs. Team tiers require running the reps, not just recruiting them.
A9: Bring a Buddy | B9: Bring a guy in you do not run: $5 per install he does, starting at his 25th. Up to 5 referrals paying at once.
A10: Entry | B10: Rookie: first sales job. Veteran: sales experience anywhere. Fiber vets enter at the tier matching installs documented by a carrier or dealer statement. Word of mouth is not documentation.
A11: Hold | B11: Summit holds 10% of pay for 90 days against chargebacks, then releases it.
A12: Chargebacks | B12: A cancel inside the carrier window is charged back at the rate the rep was paid.
A13: Housing | B13: Fronted by the president, deducted from pay at one install per week. Leaders at $300 and up cover their own.
A14: Car | B14: Reps at $200 and up bring a car to market. No car and none in market: pay drops $50 per install. Rookies ride.
